"V1";"V2";"V3";"V4";"V5";"V6"
"***";"nb classes";"5";"***";"";""
"**";"classe";"1";"**";"";""
"****";"212";"802";"26.43";"****";""
" 0";"43";" 0.00";"-16.33";"governo";"5.332184e-05"
" 1";"49";" 2.04";"-15.97";"grande";"6.439755e-05"
" 0";"34";" 0.00";"-12.76";"programa";"3.545269e-04"
" 2";"47";" 4.26";"-12.63";"cidade";"3.798953e-04"
" 3";"52";" 5.77";"-12.21";"público";"4.752028e-04"
" 4";"53";" 7.55";"-10.41";"tribuna";"1.253464e-03"
" 0";"25";" 0.00";" -9.27";"rural";"2.326732e-03"
" 3";"43";" 6.98";" -8.85";"ouvir";"2.938159e-03"
" 8";"68";"11.76";" -8.22";"palavra";"4.139246e-03"
" 0";"22";" 0.00";" -8.13";"servidor";"4.358563e-03"
" 0";"22";" 0.00";" -8.13";"são_paulo";"4.358563e-03"
" 0";"21";" 0.00";" -7.75";"rio_grande_do_sul";"5.375248e-03"
" 0";"20";" 0.00";" -7.37";"minha_casa_minha_vida";"6.631219e-03"
" 0";"20";" 0.00";" -7.37";"entidade";"6.631219e-03"
" 4";"43";" 9.30";" -6.86";"projeto";"8.827666e-03"
" 3";"37";" 8.11";" -6.70";"trabalho";"9.647387e-03"
" 1";"24";" 4.17";" -6.31";"prefeito";"1.201862e-02"
" 1";"23";" 4.35";" -5.94";"parabéns";"1.480368e-02"
" 0";"16";" 0.00";" -5.87";"deus";"1.543448e-02"
" 0";"16";" 0.00";" -5.87";"bahia";"1.543448e-02"
"10";"70";"14.29";" -5.82";"estado";"1.584215e-02"
" 0";"15";" 0.00";" -5.49";"empresa";"1.909757e-02"
" 0";"15";" 0.00";" -5.49";"município";"1.909757e-02"
" 0";"15";" 0.00";" -5.49";"passado";"1.909757e-02"
" 0";"14";" 0.00";" -5.12";"minas_gerais";"2.365321e-02"
" 0";"14";" 0.00";" -5.12";"honra";"2.365321e-02"
" 0";"13";" 0.00";" -4.75";"real";"2.932978e-02"
" 0";"13";" 0.00";" -4.75";"saúde";"2.932978e-02"
" 0";"13";" 0.00";" -4.75";"apoio";"2.932978e-02"
" 3";"31";" 9.68";" -4.66";"família";"3.094598e-02"
" 1";"19";" 5.26";" -4.49";"serviço";"3.418582e-02"
" 0";"12";" 0.00";" -4.38";"amazona";"3.641934e-02"
" 0";"12";" 0.00";" -4.38";"autista";"3.641934e-02"
" 0";"12";" 0.00";" -4.38";"querido";"3.641934e-02"
" 0";"12";" 0.00";" -4.38";"paraná";"3.641934e-02"
" 0";"12";" 0.00";" -4.38";"renda";"3.641934e-02"
" 0";"12";" 0.00";" -4.38";"anunciar";"3.641934e-02"
" 0";"12";" 0.00";" -4.38";"eminente";"3.641934e-02"
" 1";"18";" 5.56";" -4.13";"trabalhador";"4.219227e-02"
" 1";"18";" 5.56";" -4.13";"luta";"4.219227e-02"
" 0";"11";" 0.00";" -4.01";"unidade";"4.529805e-02"
" 0";"11";" 0.00";" -4.01";"gerar";"4.529805e-02"
" 0";"11";" 0.00";" -4.01";"lado";"4.529805e-02"
" 0";"11";" 0.00";" -4.01";"caixa_econômica";"4.529805e-02"
" 0";"11";" 0.00";" -4.01";"exa";"4.529805e-02"
" 0";"11";" 0.00";" -4.01";"microfone";"4.529805e-02"
" 0";"11";" 0.00";" -4.01";"aparte";"4.529805e-02"
" 6";"44";"13.64";" -3.92";"minuto";"4.769275e-02"
" 1";"17";" 5.88";" -3.77";"obrigar";"5.210849e-02"
" 3";"28";"10.71";" -3.69";"população";"5.484828e-02"
" 0";"10";" 0.00";" -3.64";"moradia";"5.645475e-02"
" 0";"10";" 0.00";" -3.64";"junto";"5.645475e-02"
" 0";"10";" 0.00";" -3.64";"educação";"5.645475e-02"
" 0";"10";" 0.00";" -3.64";"transporte";"5.645475e-02"
" 0";"10";" 0.00";" -3.64";"representante";"5.645475e-02"
" 0";"10";" 0.00";" -3.64";"feira";"5.645475e-02"
" 0";"10";" 0.00";" -3.64";"agricultura";"5.645475e-02"
" 0";"10";" 0.00";" -3.64";"achar";"5.645475e-02"
" 2";"22";" 9.09";" -3.50";"vida";"6.141542e-02"
" 0";" 9";" 0.00";" -3.27";"santa_catarina";"7.053179e-02"
" 0";" 9";" 0.00";" -3.27";"criação";"7.053179e-02"
" 0";" 9";" 0.00";" -3.27";"saudar";"7.053179e-02"
" 0";" 9";" 0.00";" -3.27";"região";"7.053179e-02"
" 0";" 9";" 0.00";" -3.27";"jovem";"7.053179e-02"
" 0";" 9";" 0.00";" -3.27";"inscrição";"7.053179e-02"
" 0";" 9";" 0.00";" -3.27";"feliz";"7.053179e-02"
" 0";" 9";" 0.00";" -3.27";"dignidade";"7.053179e-02"
" 8";"51";"15.69";" -3.24";"país";"7.207458e-02"
" 2";"21";" 9.52";" -3.17";"colega";"7.495657e-02"
" 1";"15";" 6.67";" -3.07";"governador";"7.967811e-02"
" 0";" 8";" 0.00";" -2.90";"social";"8.838529e-02"
" 0";" 8";" 0.00";" -2.90";"movimento";"8.838529e-02"
" 0";" 8";" 0.00";" -2.90";"habitacional";"8.838529e-02"
" 0";" 8";" 0.00";" -2.90";"urbano";"8.838529e-02"
" 0";" 8";" 0.00";" -2.90";"emprego";"8.838529e-02"
" 0";" 8";" 0.00";" -2.90";"desenvolvimento";"8.838529e-02"
" 0";" 8";" 0.00";" -2.90";"potássio";"8.838529e-02"
" 0";" 8";" 0.00";" -2.90";"investimento";"8.838529e-02"
" 0";" 8";" 0.00";" -2.90";"cuidar";"8.838529e-02"
" 0";" 8";" 0.00";" -2.90";"construir";"8.838529e-02"
" 0";" 8";" 0.00";" -2.90";"produtor";"8.838529e-02"
" 0";" 8";" 0.00";" -2.90";"piso";"8.838529e-02"
" 0";" 8";" 0.00";" -2.90";"municipal";"8.838529e-02"
" 0";" 8";" 0.00";" -2.90";"homem";"8.838529e-02"
" 0";" 8";" 0.00";" -2.90";"carinho";"8.838529e-02"
" 0";" 8";" 0.00";" -2.90";"produzir";"8.838529e-02"
" 0";" 8";" 0.00";" -2.90";"principal";"8.838529e-02"
" 0";" 8";" 0.00";" -2.90";"ponto";"8.838529e-02"
" 0";" 8";" 0.00";" -2.90";"dirigir";"8.838529e-02"
" 0";" 8";" 0.00";" -2.90";"dinheiro";"8.838529e-02"
" 0";" 8";" 0.00";" -2.90";"conhecer";"8.838529e-02"
" 0";" 8";" 0.00";" -2.90";"atendimento";"8.838529e-02"
" 0";" 8";" 0.00";" -2.90";"agente";"8.838529e-02"
" 2";"20";"10.00";" -2.85";"chegar";"9.145015e-02"
" 1";"14";" 7.14";" -2.73";"apresentar";"9.867842e-02"
" 1";"14";" 7.14";" -2.73";"área";"9.867842e-02"
" 1";"14";" 7.14";" -2.73";"parabenizar";"9.867842e-02"
" 0";" 7";" 0.00";" -2.54";"silvestre";"1.111776e-01"
" 0";" 7";" 0.00";" -2.54";"obra";"1.111776e-01"
" 0";" 7";" 0.00";" -2.54";"jaboatão";"1.111776e-01"
" 0";" 7";" 0.00";" -2.54";"sul";"1.111776e-01"
" 0";" 7";" 0.00";" -2.54";"rodovia";"1.111776e-01"
" 0";" 7";" 0.00";" -2.54";"número";"1.111776e-01"
" 0";" 7";" 0.00";" -2.54";"uso";"1.111776e-01"
" 0";" 7";" 0.00";" -2.54";"sofrer";"1.111776e-01"
" 0";" 7";" 0.00";" -2.54";"receber";"1.111776e-01"
" 0";" 7";" 0.00";" -2.54";"mudar";"1.111776e-01"
" 0";" 7";" 0.00";" -2.54";"falta";"1.111776e-01"
" 0";" 7";" 0.00";" -2.54";"crise";"1.111776e-01"
" 0";" 7";" 0.00";" -2.54";"associação";"1.111776e-01"
" 0";" 7";" 0.00";" -2.54";"anúncio";"1.111776e-01"
" 0";" 7";" 0.00";" -2.54";"abril";"1.111776e-01"
" 0";" 7";" 0.00";" -2.54";"solução";"1.111776e-01"
" 0";" 7";" 0.00";" -2.54";"proteção";"1.111776e-01"
" 0";" 7";" 0.00";" -2.54";"prestar";"1.111776e-01"
" 0";" 7";" 0.00";" -2.54";"presidir";"1.111776e-01"
" 0";" 7";" 0.00";" -2.54";"mês";"1.111776e-01"
" 0";" 7";" 0.00";" -2.54";"missão";"1.111776e-01"
" 0";" 7";" 0.00";" -2.54";"ligação";"1.111776e-01"
" 0";" 7";" 0.00";" -2.54";"dedicar";"1.111776e-01"
" 0";" 7";" 0.00";" -2.54";"avenida";"1.111776e-01"
" 0";" 7";" 0.00";" -2.54";"alegria";"1.111776e-01"
" 2";"19";"10.53";" -2.53";"presença";"1.115288e-01"
" 1";"13";" 7.69";" -2.39";"estadual";"1.223642e-01"
" 3";"23";"13.04";" -2.18";"nacional";"1.395143e-01"
" 3";"23";"13.04";" -2.18";"próximo";"1.395143e-01"
" 3";"23";"13.04";" -2.18";"bom";"1.395143e-01"
" 0";" 6";" 0.00";" -2.17";"animal";"1.405266e-01"
" 0";" 6";" 0.00";" -2.17";"guarda";"1.405266e-01"
" 0";" 6";" 0.00";" -2.17";"enfermagem";"1.405266e-01"
" 0";" 6";" 0.00";" -2.17";"defensoria_pública";"1.405266e-01"
" 0";" 6";" 0.00";" -2.17";"espírito_santo";"1.405266e-01"
" 0";" 6";" 0.00";" -2.17";"conquista";"1.405266e-01"
" 0";" 6";" 0.00";" -2.17";"categoria";"1.405266e-01"
" 0";" 6";" 0.00";" -2.17";"universidade";"1.405266e-01"
" 0";" 6";" 0.00";" -2.17";"recurso";"1.405266e-01"
" 0";" 6";" 0.00";" -2.17";"problema";"1.405266e-01"
" 0";" 6";" 0.00";" -2.17";"norte";"1.405266e-01"
" 0";" 6";" 0.00";" -2.17";"esposo";"1.405266e-01"
" 0";" 6";" 0.00";" -2.17";"energia";"1.405266e-01"
" 0";" 6";" 0.00";" -2.17";"deficiência";"1.405266e-01"
" 0";" 6";" 0.00";" -2.17";"chuva";"1.405266e-01"
" 0";" 6";" 0.00";" -2.17";"campo";"1.405266e-01"
" 0";" 6";" 0.00";" -2.17";"notícia";"1.405266e-01"
" 0";" 6";" 0.00";" -2.17";"mina";"1.405266e-01"
" 0";" 6";" 0.00";" -2.17";"governo_federal";"1.405266e-01"
" 0";" 6";" 0.00";" -2.17";"gente";"1.405266e-01"
" 0";" 6";" 0.00";" -2.17";"gaúcho";"1.405266e-01"
" 0";" 6";" 0.00";" -2.17";"cuidado";"1.405266e-01"
" 0";" 6";" 0.00";" -2.17";"contrato";"1.405266e-01"
" 0";" 6";" 0.00";" -2.17";"buscar";"1.405266e-01"
" 0";" 6";" 0.00";" -2.17";"brasília";"1.405266e-01"
" 0";" 6";" 0.00";" -2.17";"ambiental";"1.405266e-01"
" 0";" 6";" 0.00";" -2.17";"agricultor";"1.405266e-01"
" 1";"12";" 8.33";" -2.05";"lutar";"1.519606e-01"
"*****";"*";"*";"*";"*";"*"
" 0";"18";" 0.00";"-6.62";"mil";"0.01010500"
" 0";"16";" 0.00";"-5.87";"bilhão";"0.01543448"
" 0";"12";" 0.00";"-4.38";"o";"0.03641934"
" 0";"12";" 0.00";"-4.38";"k";"0.03641934"
" 0";"11";" 0.00";"-4.01";"s";"0.04529805"
" 4";"34";"11.76";"-3.93";"bem";"0.04746416"
" 0";" 9";" 0.00";"-3.27";"milhão";"0.07053179"
" 0";" 7";" 0.00";"-2.54";"quase";"0.11117765"
" 1";"13";" 7.69";"-2.39";"algo";"0.12236421"
" 9";"52";"17.31";"-2.38";"povo";"0.12277578"
" 0";" 6";" 0.00";"-2.17";"justamente";"0.14052663"
" 0";" 6";" 0.00";"-2.17";"novamente";"0.14052663"
" 0";" 6";" 0.00";"-2.17";"ali";"0.14052663"
"15";"77";"19.48";"-2.12";"agora";"0.14559699"
" 1";"12";" 8.33";"-2.05";"tanto";"0.15196060"
"*";"*";"*";"*";"*";"*"
" 3";"112";" 2.68";"-37.78";"*partido_PDT";"7.931371e-10"
" 2";"102";" 1.96";"-35.99";"*deputado_GILBERTO_NASCIMENTO";"1.980413e-09"
" 3";"106";" 2.83";"-34.99";"*deputado_POMPEO_DE_MATTOS";"3.307308e-09"
"12";"147";" 8.16";"-30.90";"*uf_RS";"2.720627e-08"
"30";"158";"18.99";" -5.61";"*uf_SP";"1.785082e-02"
" 1";" 22";" 4.55";" -5.57";"*uf_PR";"1.823886e-02"
" 0";" 14";" 0.00";" -5.12";"*partido_REPUBLICANOS";"2.365321e-02"
" 0";" 13";" 0.00";" -4.75";"*deputado_REIMONT";"2.932978e-02"
" 4";" 36";"11.11";" -4.55";"*partido_MDB";"3.290383e-02"
"30";"153";"19.61";" -4.53";"*partido_PSD";"3.330044e-02"
" 0";" 12";" 0.00";" -4.38";"*deputado_NATÁLIA_BONAVIDES";"3.641934e-02"
" 0";" 11";" 0.00";" -4.01";"*deputado_PADRE_JOÃO";"4.529805e-02"
" 0";" 11";" 0.00";" -4.01";"*uf_AM";"4.529805e-02"
" 0";" 10";" 0.00";" -3.64";"*uf_PE";"5.645475e-02"
" 0";" 10";" 0.00";" -3.64";"*deputado_RAFAEL_SIMOES";"5.645475e-02"
" 0";" 10";" 0.00";" -3.64";"*deputado_OTONI_DE_PAULA";"5.645475e-02"
" 0";"  9";" 0.00";" -3.27";"*partido_PODE";"7.053179e-02"
" 0";"  9";" 0.00";" -3.27";"*deputado_LUIZ_LIMA";"7.053179e-02"
" 0";"  9";" 0.00";" -3.27";"*deputado_GILSON_DANIEL";"7.053179e-02"
" 0";"  9";" 0.00";" -3.27";"*deputado_CLARISSA_TÉRCIO";"7.053179e-02"
" 0";"  8";" 0.00";" -2.90";"*deputado_HEITOR_SCHUCH";"8.838529e-02"
" 0";"  8";" 0.00";" -2.90";"*partido_AVANTE";"8.838529e-02"
" 0";"  8";" 0.00";" -2.90";"*deputado_BRUNO_FARIAS";"8.838529e-02"
" 0";"  8";" 0.00";" -2.90";"*deputado_RICARDO_MAIA";"8.838529e-02"
" 0";"  8";" 0.00";" -2.90";"*deputado_WELTER";"8.838529e-02"
" 0";"  8";" 0.00";" -2.90";"*deputado_VALMIR_ASSUNÇÃO";"8.838529e-02"
"30";"144";"20.83";" -2.83";"*partido_PT";"9.246142e-02"
" 0";"  7";" 0.00";" -2.54";"*deputado_MERLONG_SOLANO";"1.111776e-01"
" 0";"  7";" 0.00";" -2.54";"*deputado_LEUR_LOMANTO_JÚNIOR";"1.111776e-01"
" 0";"  7";" 0.00";" -2.54";"*deputado_ZÉ_NETO";"1.111776e-01"
" 0";"  7";" 0.00";" -2.54";"*deputado_NILTO_TATTO";"1.111776e-01"
" 0";"  6";" 0.00";" -2.17";"*deputado_DEFENSOR_STÉLIO_DENER";"1.405266e-01"
" 0";"  6";" 0.00";" -2.17";"*uf_TO";"1.405266e-01"
" 0";"  6";" 0.00";" -2.17";"*deputado_IDILVAN_ALENCAR";"1.405266e-01"
" 0";"  6";" 0.00";" -2.17";"*deputado_SIDNEY_LEITE";"1.405266e-01"
" 0";"  6";" 0.00";" -2.17";"*uf_RR";"1.405266e-01"
" 0";"  6";" 0.00";" -2.17";"*deputado_ELI_BORGES";"1.405266e-01"
"**";"classe";"2";"**";"";""
"****";"122";"802";"15.21";"****";""
" 1";" 68";" 1.47";"-10.88";"palavra";"0.0009734095"
" 0";" 49";" 0.00";" -9.36";"prisão";"0.0022137986"
" 0";" 40";" 0.00";" -7.55";"justiça";"0.0059903996"
" 0";" 36";" 0.00";" -6.76";"lei";"0.0093099959"
" 0";" 35";" 0.00";" -6.57";"brazão";"0.0103947884"
" 0";" 34";" 0.00";" -6.37";"caso";"0.0116062189"
" 1";" 44";" 2.27";" -6.04";"minuto";"0.0139612137"
" 0";" 28";" 0.00";" -5.21";"constituição";"0.0225186577"
" 3";" 59";" 5.08";" -5.06";"brasileiro";"0.0244270192"
" 0";" 27";" 0.00";" -5.01";"marielle";"0.0251594116"
" 0";" 27";" 0.00";" -5.01";"chique";"0.0251594116"
" 0";" 26";" 0.00";" -4.82";"representar";"0.0281150691"
" 5";" 75";" 6.67";" -4.68";"dizer";"0.0304410901"
" 0";" 24";" 0.00";" -4.44";"preso";"0.0351327506"
" 0";" 24";" 0.00";" -4.44";"voto";"0.0351327506"
" 0";" 22";" 0.00";" -4.06";"conceder";"0.0439524867"
" 0";" 21";" 0.00";" -3.87";"colega";"0.0491871721"
" 0";" 21";" 0.00";" -3.87";"parlamento";"0.0491871721"
" 0";" 20";" 0.00";" -3.68";"respeito";"0.0550686514"
" 0";" 19";" 0.00";" -3.49";"criminoso";"0.0616831477"
" 0";" 18";" 0.00";" -3.30";"conselho";"0.0691300605"
" 0";" 18";" 0.00";" -3.30";"aprovar";"0.0691300605"
" 0";" 18";" 0.00";" -3.30";"processo";"0.0691300605"
" 0";" 18";" 0.00";" -3.30";"questão";"0.0691300605"
" 0";" 17";" 0.00";" -3.12";"obrigar";"0.0775244523"
" 0";" 17";" 0.00";" -3.12";"votação";"0.0775244523"
" 0";" 17";" 0.00";" -3.12";"supremo_tribunal_federal";"0.0775244523"
" 0";" 17";" 0.00";" -3.12";"câmara_dos_deputados";"0.0775244523"
" 0";" 17";" 0.00";" -3.12";"art";"0.0775244523"
" 2";" 38";" 5.26";" -3.06";"pedir";"0.0801840473"
" 1";" 28";" 3.57";" -3.05";"plenário";"0.0808356419"
" 0";" 16";" 0.00";" -2.93";"deus";"0.0870001486"
" 0";" 16";" 0.00";" -2.93";"favor";"0.0870001486"
" 0";" 16";" 0.00";" -2.93";"constituição_federal";"0.0870001486"
" 0";" 16";" 0.00";" -2.93";"manutenção";"0.0870001486"
" 0";" 16";" 0.00";" -2.93";"manter";"0.0870001486"
" 2";" 37";" 5.41";" -2.89";"trabalho";"0.0890092602"
" 0";" 15";" 0.00";" -2.74";"democracia";"0.0977136538"
" 0";" 15";" 0.00";" -2.74";"governador";"0.0977136538"
" 0";" 15";" 0.00";" -2.74";"esperar";"0.0977136538"
" 0";" 15";" 0.00";" -2.74";"parecer";"0.0977136538"
" 0";" 15";" 0.00";" -2.74";"mostrar";"0.0977136538"
" 0";" 15";" 0.00";" -2.74";"flagrante";"0.0977136538"
" 0";" 15";" 0.00";" -2.74";"sessão";"0.0977136538"
" 0";" 14";" 0.00";" -2.56";"debate";"0.1098491652"
" 0";" 14";" 0.00";" -2.56";"apresentar";"0.1098491652"
" 0";" 14";" 0.00";" -2.56";"instituição";"0.1098491652"
" 0";" 14";" 0.00";" -2.56";"orientar";"0.1098491652"
" 0";" 14";" 0.00";" -2.56";"honra";"0.1098491652"
" 1";" 25";" 4.00";" -2.51";"líder";"0.1127679557"
"14";"130";"10.77";" -2.37";"querer";"0.1233492484"
" 0";" 13";" 0.00";" -2.37";"estadual";"0.1236251037"
" 0";" 13";" 0.00";" -2.37";"apoio";"0.1236251037"
" 4";" 51";" 7.84";" -2.29";"parlamentar";"0.1299682600"
" 0";" 12";" 0.00";" -2.19";"autista";"0.1393027792"
" 0";" 12";" 0.00";" -2.19";"legislativo";"0.1393027792"
" 0";" 12";" 0.00";" -2.19";"sociedade";"0.1393027792"
" 0";" 12";" 0.00";" -2.19";"investigação";"0.1393027792"
" 0";" 12";" 0.00";" -2.19";"eminente";"0.1393027792"
" 0";" 11";" 0.00";" -2.00";"bandido";"0.1571981451"
" 0";" 11";" 0.00";" -2.00";"resolução";"0.1571981451"
" 0";" 11";" 0.00";" -2.00";"último";"0.1571981451"
" 0";" 11";" 0.00";" -2.00";"judicial";"0.1571981451"
" 0";" 11";" 0.00";" -2.00";"hediondo";"0.1571981451"
" 0";" 11";" 0.00";" -2.00";"exa";"0.1571981451"
" 0";" 11";" 0.00";" -2.00";"deputado_federal";"0.1571981451"
" 0";" 11";" 0.00";" -2.00";"assassinato";"0.1571981451"
" 0";" 11";" 0.00";" -2.00";"agradecer";"0.1571981451"
" 0";" 11";" 0.00";" -2.00";"tomar";"0.1571981451"
" 0";" 11";" 0.00";" -2.00";"microfone";"0.1571981451"
" 0";" 11";" 0.00";" -2.00";"cautelar";"0.1571981451"
" 0";" 11";" 0.00";" -2.00";"aparte";"0.1571981451"
"*****";"*";"*";"*";"*";"*"
" 0";" 21";" 0";"-3.87";"n";"0.04918717"
" 0";" 16";" 0";"-2.93";"qualquer";"0.08700015"
"10";"100";"10";"-2.41";"em";"0.12085997"
" 0";" 13";" 0";"-2.37";"ele";"0.12362510"
" 0";" 13";" 0";"-2.37";"aqui";"0.12362510"
" 0";" 11";" 0";"-2.00";"s";"0.15719815"
"*";"*";"*";"*";"*";"*"
"0";"112";"0.00";"-23.36";"*partido_PDT";"1.346389e-06"
"0";"106";"0.00";"-21.91";"*deputado_POMPEO_DE_MATTOS";"2.851441e-06"
"7";"147";"4.76";"-15.24";"*uf_RS";"9.470586e-05"
"0";" 61";"0.00";"-11.85";"*deputado_ARTHUR_LIRA";"5.781481e-04"
"3";" 81";"3.70";" -9.25";"*partido_PP";"2.352704e-03"
"0";" 40";"0.00";" -7.55";"*uf_SC";"5.990400e-03"
"0";" 32";"0.00";" -5.98";"*partido_PSOL";"1.447088e-02"
"0";" 24";"0.00";" -4.44";"*deputado_DARCI_DE_MATOS";"3.513275e-02"
"0";" 19";"0.00";" -3.49";"*uf_RN";"6.168315e-02"
"7";" 79";"8.86";" -2.74";"*uf_AL";"9.782396e-02"
"0";" 14";"0.00";" -2.56";"*deputado_ERIKA_HILTON";"1.098492e-01"
"0";" 12";"0.00";" -2.19";"*deputado_NATÁLIA_BONAVIDES";"1.393028e-01"
"0";" 11";"0.00";" -2.00";"*deputado_CORONEL_CHRISÓSTOMO";"1.571981e-01"
"0";" 11";"0.00";" -2.00";"*uf_RO";"1.571981e-01"
"**";"classe";"3";"**";"";""
"****";"208";"802";"25.94";"****";""
"0";"68";" 0.00";"-26.02";"palavra";"3.383518e-07"
"1";"49";" 2.04";"-15.51";"prisão";"8.198792e-05"
"0";"35";" 0.00";"-12.82";"brazão";"3.438225e-04"
"4";"54";" 7.41";"-10.35";"crime";"1.296909e-03"
"0";"27";" 0.00";" -9.78";"marielle";"1.760437e-03"
"0";"27";" 0.00";" -9.78";"chique";"1.760437e-03"
"3";"43";" 6.98";" -8.50";"rio_de_janeiro";"3.548209e-03"
"0";"22";" 0.00";" -7.92";"conceder";"4.886459e-03"
"0";"20";" 0.00";" -7.18";"minha_casa_minha_vida";"7.361883e-03"
"0";"20";" 0.00";" -7.18";"entidade";"7.361883e-03"
"0";"18";" 0.00";" -6.45";"vereador";"1.110934e-02"
"1";"24";" 4.17";" -6.10";"preso";"1.349328e-02"
"0";"17";" 0.00";" -6.08";"obrigar";"1.365833e-02"
"0";"17";" 0.00";" -6.08";"supremo_tribunal_federal";"1.365833e-02"
"5";"46";"10.87";" -5.77";"votar";"1.633827e-02"
"0";"16";" 0.00";" -5.72";"manutenção";"1.680387e-02"
"0";"15";" 0.00";" -5.35";"flagrante";"2.069096e-02"
"2";"28";" 7.14";" -5.33";"constituição";"2.091371e-02"
"5";"44";"11.36";" -5.15";"minuto";"2.330045e-02"
"1";"21";" 4.76";" -5.03";"entender";"2.487045e-02"
"0";"14";" 0.00";" -4.99";"orientar";"2.550225e-02"
"0";"13";" 0.00";" -4.63";"senhor";"3.146901e-02"
"0";"13";" 0.00";" -4.63";"nome";"3.146901e-02"
"2";"25";" 8.00";" -4.32";"líder";"3.764069e-02"
"0";"12";" 0.00";" -4.27";"autista";"3.888583e-02"
"0";"12";" 0.00";" -4.27";"paraná";"3.888583e-02"
"0";"12";" 0.00";" -4.27";"investigação";"3.888583e-02"
"0";"12";" 0.00";" -4.27";"eminente";"3.888583e-02"
"1";"18";" 5.56";" -3.98";"processo";"4.600893e-02"
"0";"11";" 0.00";" -3.91";"hediondo";"4.813067e-02"
"0";"11";" 0.00";" -3.91";"assassinato";"4.813067e-02"
"0";"11";" 0.00";" -3.91";"microfone";"4.813067e-02"
"0";"11";" 0.00";" -3.91";"cautelar";"4.813067e-02"
"0";"11";" 0.00";" -3.91";"aparte";"4.813067e-02"
"2";"23";" 8.70";" -3.66";"parabéns";"5.561180e-02"
"2";"23";" 8.70";" -3.66";"próximo";"5.561180e-02"
"1";"17";" 5.88";" -3.64";"votação";"5.654855e-02"
"1";"17";" 5.88";" -3.64";"art";"5.654855e-02"
"0";"10";" 0.00";" -3.55";"mato_grosso";"5.969290e-02"
"0";"10";" 0.00";" -3.55";"inafiançável";"5.969290e-02"
"0";"10";" 0.00";" -3.55";"presidência";"5.969290e-02"
"0";"10";" 0.00";" -3.55";"popular";"5.969290e-02"
"0";"10";" 0.00";" -3.55";"anderson";"5.969290e-02"
"0";"10";" 0.00";" -3.55";"acusar";"5.969290e-02"
"6";"43";"13.95";" -3.40";"ouvir";"6.536486e-02"
"1";"16";" 6.25";" -3.29";"favor";"6.955747e-02"
"0";" 9";" 0.00";" -3.19";"imunidade";"7.421328e-02"
"0";" 9";" 0.00";" -3.19";"resposta";"7.421328e-02"
"0";" 9";" 0.00";" -3.19";"coisa";"7.421328e-02"
"0";" 9";" 0.00";" -3.19";"supremo";"7.421328e-02"
"0";" 9";" 0.00";" -3.19";"soltar";"7.421328e-02"
"0";" 9";" 0.00";" -3.19";"comissão_de_constituição_e_justiça";"7.421328e-02"
"0";" 9";" 0.00";" -3.19";"mandante";"7.421328e-02"
"0";" 9";" 0.00";" -3.19";"inscrição";"7.421328e-02"
"0";" 9";" 0.00";" -3.19";"cidadania";"7.421328e-02"
"2";"21";" 9.52";" -3.02";"parlamento";"8.205900e-02"
"1";"15";" 6.67";" -2.95";"sessão";"8.563826e-02"
"3";"26";"11.54";" -2.90";"representar";"8.861152e-02"
"0";" 8";" 0.00";" -2.83";"comunicação";"9.254302e-02"
"0";" 8";" 0.00";" -2.83";"social";"9.254302e-02"
"0";" 8";" 0.00";" -2.83";"habitacional";"9.254302e-02"
"0";" 8";" 0.00";" -2.83";"juiz";"9.254302e-02"
"0";" 8";" 0.00";" -2.83";"potássio";"9.254302e-02"
"0";" 8";" 0.00";" -2.83";"construir";"9.254302e-02"
"0";" 8";" 0.00";" -2.83";"seguinte";"9.254302e-02"
"0";" 8";" 0.00";" -2.83";"preventivo";"9.254302e-02"
"0";" 8";" 0.00";" -2.83";"seguida";"9.254302e-02"
"0";" 8";" 0.00";" -2.83";"medida";"9.254302e-02"
"0";" 8";" 0.00";" -2.83";"irmão";"9.254302e-02"
"0";" 8";" 0.00";" -2.83";"bancada";"9.254302e-02"
"6";"40";"15.00";" -2.62";"justiça";"1.054733e-01"
"1";"14";" 7.14";" -2.62";"considerar";"1.055509e-01"
"0";" 7";" 0.00";" -2.47";"ato";"1.158343e-01"
"0";" 7";" 0.00";" -2.47";"obra";"1.158343e-01"
"0";" 7";" 0.00";" -2.47";"sul";"1.158343e-01"
"0";" 7";" 0.00";" -2.47";"obstrução";"1.158343e-01"
"0";" 7";" 0.00";" -2.47";"autoridade";"1.158343e-01"
"0";" 7";" 0.00";" -2.47";"reunião";"1.158343e-01"
"0";" 7";" 0.00";" -2.47";"mão";"1.158343e-01"
"0";" 7";" 0.00";" -2.47";"alexandre_de_moraes";"1.158343e-01"
"0";" 7";" 0.00";" -2.47";"turma";"1.158343e-01"
"0";" 7";" 0.00";" -2.47";"tender";"1.158343e-01"
"0";" 7";" 0.00";" -2.47";"ocupar";"1.158343e-01"
"0";" 7";" 0.00";" -2.47";"ligação";"1.158343e-01"
"0";" 7";" 0.00";" -2.47";"entendimento";"1.158343e-01"
"0";" 7";" 0.00";" -2.47";"efeito";"1.158343e-01"
"0";" 7";" 0.00";" -2.47";"avenida";"1.158343e-01"
"2";"19";"10.53";" -2.41";"presença";"1.209095e-01"
"2";"19";"10.53";" -2.41";"criminoso";"1.209095e-01"
"3";"24";"12.50";" -2.32";"voto";"1.273243e-01"
"3";"24";"12.50";" -2.32";"prefeito";"1.273243e-01"
"3";"24";"12.50";" -2.32";"dever";"1.273243e-01"
"1";"13";" 7.69";" -2.29";"liberdade";"1.302587e-01"
"0";" 6";" 0.00";" -2.12";"imprensa";"1.456862e-01"
"0";" 6";" 0.00";" -2.12";"valer";"1.456862e-01"
"0";" 6";" 0.00";" -2.12";"constitucional";"1.456862e-01"
"0";" 6";" 0.00";" -2.12";"ordem";"1.456862e-01"
"0";" 6";" 0.00";" -2.12";"norte";"1.456862e-01"
"0";" 6";" 0.00";" -2.12";"membro";"1.456862e-01"
"0";" 6";" 0.00";" -2.12";"legal";"1.456862e-01"
"0";" 6";" 0.00";" -2.12";"direto";"1.456862e-01"
"0";" 6";" 0.00";" -2.12";"obstruir";"1.456862e-01"
"0";" 6";" 0.00";" -2.12";"inscrever";"1.456862e-01"
"0";" 6";" 0.00";" -2.12";"encerrar";"1.456862e-01"
"0";" 6";" 0.00";" -2.12";"determinar";"1.456862e-01"
"0";" 6";" 0.00";" -2.12";"cometer";"1.456862e-01"
"2";"18";"11.11";" -2.11";"mandato";"1.466735e-01"
"*****";"*";"*";"*";"*";"*"
"0";"12";" 0.00";"-4.27";"o";"0.03888583"
"0";"12";" 0.00";"-4.27";"k";"0.03888583"
"0";" 9";" 0.00";"-3.19";"2";"0.07421328"
"0";" 8";" 0.00";"-2.83";"diante";"0.09254302"
"0";" 8";" 0.00";"-2.83";"logo";"0.09254302"
"4";"30";"13.33";"-2.58";"sim";"0.10845544"
"*";"*";"*";"*";"*";"*"
"10";"153";" 6.54";"-37.04";"*partido_PSD";"1.156427e-09"
" 8";"106";" 7.55";"-21.50";"*deputado_POMPEO_DE_MATTOS";"3.538276e-06"
" 1";" 61";" 1.64";"-20.29";"*deputado_ARTHUR_LIRA";"6.660284e-06"
" 8";"102";" 7.84";"-19.91";"*deputado_GILBERTO_NASCIMENTO";"8.102185e-06"
" 4";" 79";" 5.06";"-19.87";"*uf_AL";"8.271849e-06"
"20";"158";"12.66";"-18.06";"*uf_SP";"2.144144e-05"
"11";"112";" 9.82";"-17.60";"*partido_PDT";"2.730421e-05"
" 0";" 24";" 0.00";" -8.66";"*deputado_DARCI_DE_MATOS";"3.246844e-03"
"24";"147";"16.33";" -8.65";"*uf_RS";"3.268600e-03"
"13";" 81";"16.05";" -4.58";"*partido_PP";"3.227174e-02"
" 0";" 11";" 0.00";" -3.91";"*uf_AM";"4.813067e-02"
" 0";" 10";" 0.00";" -3.55";"*deputado_ROGÉRIO_CORREIA";"5.969290e-02"
" 0";" 10";" 0.00";" -3.55";"*deputado_ERIKA_KOKAY";"5.969290e-02"
" 0";" 10";" 0.00";" -3.55";"*uf_DF";"5.969290e-02"
"16";" 89";"17.98";" -3.30";"*partido_PL";"6.927098e-02"
" 0";"  9";" 0.00";" -3.19";"*deputado_CAPITÃO_ALDEN";"7.421328e-02"
" 0";"  9";" 0.00";" -3.19";"*deputado_LUIZ_LIMA";"7.421328e-02"
" 4";" 32";"12.50";" -3.13";"*partido_PSOL";"7.677064e-02"
" 0";"  8";" 0.00";" -2.83";"*deputado_MARCELO_CALERO";"9.254302e-02"
" 1";" 14";" 7.14";" -2.62";"*deputado_ERIKA_HILTON";"1.055509e-01"
"12";" 67";"17.91";" -2.45";"*uf_RJ";"1.174599e-01"
" 0";"  6";" 0.00";" -2.12";"*deputado_MÁRCIO_JERRY";"1.456862e-01"
" 0";"  6";" 0.00";" -2.12";"*deputado_SIDNEY_LEITE";"1.456862e-01"
"**";"classe";"4";"**";"";""
"****";"124";"802";"15.46";"****";""
"1";"68";"1.47";"-11.13";"palavra";"0.0008509301"
"0";"54";"0.00";"-10.59";"crime";"0.0011375713"
"0";"46";"0.00";" -8.92";"votar";"0.0028131181"
"1";"53";"1.89";" -8.00";"tribuna";"0.0046764531"
"0";"40";"0.00";" -7.70";"justiça";"0.0055231320"
"1";"49";"2.04";" -7.19";"prisão";"0.0073254658"
"0";"35";"0.00";" -6.69";"brazão";"0.0096776950"
"0";"34";"0.00";" -6.49";"caso";"0.0108264863"
"1";"44";"2.27";" -6.20";"minuto";"0.0128098762"
"1";"43";"2.33";" -6.00";"governo";"0.0143218025"
"1";"43";"2.33";" -6.00";"ouvir";"0.0143218025"
"4";"70";"5.71";" -5.57";"falar";"0.0182238509"
"0";"29";"0.00";" -5.50";"decisão";"0.0189858934"
"0";"29";"0.00";" -5.50";"continuar";"0.0189858934"
"0";"28";"0.00";" -5.31";"população";"0.0212496843"
"0";"28";"0.00";" -5.31";"constituição";"0.0212496843"
"0";"27";"0.00";" -5.11";"marielle";"0.0237871069"
"0";"27";"0.00";" -5.11";"acontecer";"0.0237871069"
"0";"27";"0.00";" -5.11";"chique";"0.0237871069"
"0";"25";"0.00";" -4.72";"rural";"0.0298244191"
"0";"25";"0.00";" -4.72";"líder";"0.0298244191"
"0";"24";"0.00";" -4.52";"preso";"0.0334072615"
"0";"22";"0.00";" -4.14";"srs";"0.0419533567"
"0";"22";"0.00";" -4.14";"conceder";"0.0419533567"
"5";"70";"7.14";" -4.06";"estado";"0.0439052499"
"3";"51";"5.88";" -3.82";"parlamentar";"0.0505437043"
"0";"20";"0.00";" -3.75";"minha_casa_minha_vida";"0.0527643291"
"0";"20";"0.00";" -3.75";"entidade";"0.0527643291"
"0";"20";"0.00";" -3.75";"chegar";"0.0527643291"
"2";"41";"4.88";" -3.70";"ver";"0.0543260376"
"0";"18";"0.00";" -3.37";"claro";"0.0664898312"
"0";"18";"0.00";" -3.37";"questão";"0.0664898312"
"0";"17";"0.00";" -3.18";"votação";"0.0747056705"
"0";"17";"0.00";" -3.18";"supremo_tribunal_federal";"0.0747056705"
"0";"17";"0.00";" -3.18";"art";"0.0747056705"
"1";"28";"3.57";" -3.14";"passar";"0.0764897220"
"0";"16";"0.00";" -2.99";"constituição_federal";"0.0839966707"
"0";"16";"0.00";" -2.99";"bahia";"0.0839966707"
"0";"16";"0.00";" -2.99";"manutenção";"0.0839966707"
"0";"16";"0.00";" -2.99";"manter";"0.0839966707"
"2";"36";"5.56";" -2.83";"lei";"0.0925418799"
"0";"15";"0.00";" -2.80";"segurança";"0.0945203972"
"0";"15";"0.00";" -2.80";"empresa";"0.0945203972"
"0";"15";"0.00";" -2.80";"esperar";"0.0945203972"
"0";"15";"0.00";" -2.80";"parecer";"0.0945203972"
"0";"15";"0.00";" -2.80";"polícia";"0.0945203972"
"0";"15";"0.00";" -2.80";"pagar";"0.0945203972"
"0";"15";"0.00";" -2.80";"atenção";"0.0945203972"
"0";"15";"0.00";" -2.80";"flagrante";"0.0945203972"
"0";"15";"0.00";" -2.80";"ocorrer";"0.0945203972"
"0";"14";"0.00";" -2.61";"minas_gerais";"0.1064624974"
"0";"14";"0.00";" -2.61";"instituição";"0.1064624974"
"0";"14";"0.00";" -2.61";"trazer";"0.1064624974"
"0";"14";"0.00";" -2.61";"matéria";"0.1064624974"
"0";"14";"0.00";" -2.61";"considerar";"0.1064624974"
"0";"14";"0.00";" -2.61";"próprio";"0.1064624974"
"0";"14";"0.00";" -2.61";"orientar";"0.1064624974"
"0";"14";"0.00";" -2.61";"existir";"0.1064624974"
"3";"43";"6.98";" -2.50";"ano";"0.1136710082"
"2";"34";"5.88";" -2.49";"programa";"0.1143923810"
"4";"51";"7.84";" -2.42";"país";"0.1199260360"
"0";"13";"0.00";" -2.42";"real";"0.1200433335"
"0";"13";"0.00";" -2.42";"organizado";"0.1200433335"
"0";"13";"0.00";" -2.42";"termo";"0.1200433335"
"0";"13";"0.00";" -2.42";"fato";"0.1200433335"
"0";"13";"0.00";" -2.42";"criar";"0.1200433335"
"1";"24";"4.17";" -2.41";"ministro";"0.1202060965"
"1";"24";"4.17";" -2.41";"dever";"0.1202060965"
"0";"12";"0.00";" -2.23";"amazona";"0.1355267829"
"0";"12";"0.00";" -2.23";"milícia";"0.1355267829"
"0";"12";"0.00";" -2.23";"sair";"0.1355267829"
"0";"12";"0.00";" -2.23";"renda";"0.1355267829"
"0";"12";"0.00";" -2.23";"anunciar";"0.1355267829"
"0";"12";"0.00";" -2.23";"sras";"0.1355267829"
"0";"12";"0.00";" -2.23";"investigação";"0.1355267829"
"1";"22";"4.55";" -2.06";"são_paulo";"0.1509979232"
"0";"11";"0.00";" -2.04";"unidade";"0.1532321697"
"0";"11";"0.00";" -2.04";"bandido";"0.1532321697"
"0";"11";"0.00";" -2.04";"gerar";"0.1532321697"
"0";"11";"0.00";" -2.04";"respeitar";"0.1532321697"
"0";"11";"0.00";" -2.04";"resolução";"0.1532321697"
"0";"11";"0.00";" -2.04";"caixa_econômica";"0.1532321697"
"0";"11";"0.00";" -2.04";"morte";"0.1532321697"
"0";"11";"0.00";" -2.04";"hediondo";"0.1532321697"
"0";"11";"0.00";" -2.04";"assassinato";"0.1532321697"
"0";"11";"0.00";" -2.04";"grave";"0.1532321697"
"0";"11";"0.00";" -2.04";"cautelar";"0.1532321697"
"0";"11";"0.00";" -2.04";"aparte";"0.1532321697"
"*****";"*";"*";"*";"*";"*"
"11";"161";"6.83";"-11.48";"ir";"0.0007052591"
" 7";"113";"6.19";" -8.64";"de";"0.0032863410"
" 1";" 39";"2.56";" -5.22";"sobre";"0.0223694551"
" 7";" 85";"8.24";" -3.80";"poder";"0.0513088122"
" 0";" 18";"0.00";" -3.37";"mil";"0.0664898312"
" 0";" 17";"0.00";" -3.18";"infelizmente";"0.0747056705"
" 1";" 28";"3.57";" -3.14";"inclusive";"0.0764897220"
" 0";" 16";"0.00";" -2.99";"bilhão";"0.0839966707"
" 7";" 77";"9.09";" -2.64";"agora";"0.1039011220"
" 0";" 13";"0.00";" -2.42";"pouco";"0.1200433335"
" 0";" 13";"0.00";" -2.42";"algo";"0.1200433335"
" 1";" 24";"4.17";" -2.41";"contra";"0.1202060965"
" 0";" 12";"0.00";" -2.23";"apenas";"0.1355267829"
" 0";" 11";"0.00";" -2.04";"aí";"0.1532321697"
"*";"*";"*";"*";"*";"*"
" 9";"144";" 6.25";"-11.39";"*partido_PT";"0.0007370422"
" 2";" 79";" 2.53";"-11.21";"*uf_AL";"0.0008143484"
" 1";" 61";" 1.64";" -9.65";"*deputado_ARTHUR_LIRA";"0.0018935624"
" 3";" 81";" 3.70";" -9.53";"*partido_PP";"0.0020221478"
" 0";" 32";" 0.00";" -6.10";"*partido_PSOL";"0.0135509050"
" 2";" 51";" 3.92";" -5.55";"*uf_BA";"0.0184936582"
" 3";" 57";" 5.26";" -4.88";"*partido_UNIÃO";"0.0271313314"
" 0";" 15";" 0.00";" -2.80";"*partido_PCdoB";"0.0945203972"
" 1";" 26";" 3.85";" -2.77";"*partido_PSB";"0.0958333323"
" 0";" 14";" 0.00";" -2.61";"*deputado_ERIKA_HILTON";"0.1064624974"
"18";"158";"11.39";" -2.49";"*uf_SP";"0.1144021177"
" 0";" 11";" 0.00";" -2.04";"*uf_AM";"0.1532321697"
"**";"classe";"5";"**";"";""
"****";"136";"802";"16.96";"****";""
" 0";" 75";"0.00";"-16.90";"dizer";"3.949927e-05"
" 1";" 70";"1.43";"-13.13";"estado";"2.900373e-04"
" 0";" 59";"0.00";"-13.00";"brasileiro";"3.107006e-04"
" 0";" 58";"0.00";"-12.77";"importante";"3.527591e-04"
" 0";" 54";"0.00";"-11.82";"crime";"5.850051e-04"
" 0";" 53";"0.00";"-11.59";"vir";"6.635532e-04"
" 0";" 52";"0.00";"-11.35";"público";"7.525149e-04"
" 0";" 51";"0.00";"-11.12";"parlamentar";"8.532577e-04"
" 0";" 51";"0.00";"-11.12";"país";"8.532577e-04"
" 0";" 49";"0.00";"-10.66";"prisão";"1.096476e-03"
" 0";" 49";"0.00";"-10.66";"grande";"1.096476e-03"
" 0";" 47";"0.00";"-10.20";"cidade";"1.408171e-03"
" 0";" 46";"0.00";" -9.96";"votar";"1.595486e-03"
" 1";" 56";"1.79";" -9.84";"precisar";"1.706659e-03"
"10";"130";"7.69";" -9.46";"querer";"2.102213e-03"
" 0";" 43";"0.00";" -9.28";"projeto";"2.318918e-03"
" 0";" 43";"0.00";" -9.28";"ano";"2.318918e-03"
" 0";" 41";"0.00";" -8.82";"dia";"2.973845e-03"
" 0";" 41";"0.00";" -8.82";"ver";"2.973845e-03"
" 3";" 70";"4.29";" -8.75";"falar";"3.103835e-03"
" 1";" 51";"1.96";" -8.70";"dar";"3.184920e-03"
" 0";" 40";"0.00";" -8.60";"justiça";"3.367277e-03"
" 0";" 37";"0.00";" -7.92";"trabalho";"4.886459e-03"
" 0";" 37";"0.00";" -7.92";"tratar";"4.886459e-03"
" 0";" 36";"0.00";" -7.70";"lei";"5.531741e-03"
" 0";" 34";"0.00";" -7.25";"programa";"7.088866e-03"
" 1";" 43";"2.33";" -6.91";"governo";"8.581614e-03"
" 0";" 32";"0.00";" -6.81";"vez";"9.084699e-03"
" 0";" 32";"0.00";" -6.81";"ficar";"9.084699e-03"
" 0";" 31";"0.00";" -6.58";"família";"1.028499e-02"
" 1";" 41";"2.44";" -6.47";"saber";"1.098455e-02"
" 0";" 29";"0.00";" -6.14";"decisão";"1.318520e-02"
" 0";" 28";"0.00";" -5.92";"população";"1.493126e-02"
" 0";" 28";"0.00";" -5.92";"constituição";"1.493126e-02"
" 0";" 28";"0.00";" -5.92";"estar";"1.493126e-02"
" 0";" 27";"0.00";" -5.71";"marielle";"1.691090e-02"
" 0";" 27";"0.00";" -5.71";"maior";"1.691090e-02"
" 0";" 27";"0.00";" -5.71";"acontecer";"1.691090e-02"
" 1";" 36";"2.78";" -5.38";"momento";"2.034815e-02"
" 0";" 25";"0.00";" -5.27";"rural";"2.170397e-02"
" 0";" 25";"0.00";" -5.27";"ação";"2.170397e-02"
" 0";" 24";"0.00";" -5.05";"preso";"2.459632e-02"
" 0";" 24";"0.00";" -5.05";"ministro";"2.459632e-02"
" 0";" 24";"0.00";" -5.05";"voto";"2.459632e-02"
" 0";" 24";"0.00";" -5.05";"prefeito";"2.459632e-02"
" 0";" 24";"0.00";" -5.05";"dever";"2.459632e-02"
" 1";" 34";"2.94";" -4.95";"caso";"2.603957e-02"
" 0";" 23";"0.00";" -4.84";"parabéns";"2.788171e-02"
" 0";" 23";"0.00";" -4.84";"nacional";"2.788171e-02"
" 0";" 23";"0.00";" -4.84";"bom";"2.788171e-02"
" 0";" 22";"0.00";" -4.62";"servidor";"3.161591e-02"
" 0";" 22";"0.00";" -4.62";"comissão";"3.161591e-02"
" 0";" 22";"0.00";" -4.62";"vida";"3.161591e-02"
" 0";" 22";"0.00";" -4.62";"forma";"3.161591e-02"
" 0";" 22";"0.00";" -4.62";"srs";"3.161591e-02"
" 0";" 21";"0.00";" -4.40";"direito";"3.586327e-02"
" 0";" 21";"0.00";" -4.40";"parlamento";"3.586327e-02"
" 0";" 21";"0.00";" -4.40";"entender";"3.586327e-02"
" 0";" 20";"0.00";" -4.19";"minha_casa_minha_vida";"4.069822e-02"
" 0";" 20";"0.00";" -4.19";"entidade";"4.069822e-02"
" 0";" 20";"0.00";" -4.19";"respeito";"4.069822e-02"
" 0";" 19";"0.00";" -3.97";"serviço";"4.620712e-02"
" 0";" 19";"0.00";" -3.97";"presença";"4.620712e-02"
" 0";" 19";"0.00";" -3.97";"criminoso";"4.620712e-02"
" 1";" 29";"3.45";" -3.90";"continuar";"4.830379e-02"
" 0";" 18";"0.00";" -3.76";"trabalhador";"5.249050e-02"
" 0";" 18";"0.00";" -3.76";"mandato";"5.249050e-02"
" 0";" 18";"0.00";" -3.76";"luta";"5.249050e-02"
" 0";" 18";"0.00";" -3.76";"conselho";"5.249050e-02"
" 0";" 18";"0.00";" -3.76";"vereador";"5.249050e-02"
" 0";" 18";"0.00";" -3.76";"presente";"5.249050e-02"
" 0";" 18";"0.00";" -3.76";"aprovar";"5.249050e-02"
" 0";" 18";"0.00";" -3.76";"registrar";"5.249050e-02"
" 0";" 18";"0.00";" -3.76";"processo";"5.249050e-02"
" 0";" 18";"0.00";" -3.76";"claro";"5.249050e-02"
" 0";" 18";"0.00";" -3.76";"questão";"5.249050e-02"
" 1";" 28";"3.57";" -3.69";"plenário";"5.468001e-02"
" 0";" 17";"0.00";" -3.55";"obrigar";"5.966580e-02"
" 0";" 17";"0.00";" -3.55";"supremo_tribunal_federal";"5.966580e-02"
" 0";" 17";"0.00";" -3.55";"mundo";"5.966580e-02"
" 0";" 17";"0.00";" -3.55";"levar";"5.966580e-02"
" 0";" 17";"0.00";" -3.55";"câmara_dos_deputados";"5.966580e-02"
" 0";" 17";"0.00";" -3.55";"art";"5.966580e-02"
" 0";" 17";"0.00";" -3.55";"deixar";"5.966580e-02"
" 0";" 16";"0.00";" -3.33";"deus";"6.787087e-02"
" 0";" 16";"0.00";" -3.33";"favor";"6.787087e-02"
" 0";" 16";"0.00";" -3.33";"defender";"6.787087e-02"
" 0";" 16";"0.00";" -3.33";"constituição_federal";"6.787087e-02"
" 0";" 16";"0.00";" -3.33";"colocar";"6.787087e-02"
" 0";" 16";"0.00";" -3.33";"manutenção";"6.787087e-02"
" 0";" 16";"0.00";" -3.33";"possível";"6.787087e-02"
" 0";" 16";"0.00";" -3.33";"manter";"6.787087e-02"
" 1";" 26";"3.85";" -3.28";"representar";"7.011301e-02"
" 0";" 15";"0.00";" -3.12";"democracia";"7.726827e-02"
" 0";" 15";"0.00";" -3.12";"política";"7.726827e-02"
" 0";" 15";"0.00";" -3.12";"governador";"7.726827e-02"
" 0";" 15";"0.00";" -3.12";"segurança";"7.726827e-02"
" 0";" 15";"0.00";" -3.12";"empresa";"7.726827e-02"
" 0";" 15";"0.00";" -3.12";"esperar";"7.726827e-02"
" 0";" 15";"0.00";" -3.12";"parecer";"7.726827e-02"
" 0";" 15";"0.00";" -3.12";"federal";"7.726827e-02"
" 0";" 15";"0.00";" -3.12";"polícia";"7.726827e-02"
" 0";" 15";"0.00";" -3.12";"pagar";"7.726827e-02"
" 0";" 15";"0.00";" -3.12";"município";"7.726827e-02"
" 0";" 15";"0.00";" -3.12";"atenção";"7.726827e-02"
" 0";" 15";"0.00";" -3.12";"mostrar";"7.726827e-02"
" 0";" 15";"0.00";" -3.12";"flagrante";"7.726827e-02"
" 0";" 15";"0.00";" -3.12";"assunto";"7.726827e-02"
" 0";" 15";"0.00";" -3.12";"sessão";"7.726827e-02"
" 0";" 15";"0.00";" -3.12";"passado";"7.726827e-02"
" 0";" 15";"0.00";" -3.12";"oportunidade";"7.726827e-02"
" 0";" 15";"0.00";" -3.12";"ocorrer";"7.726827e-02"
" 0";" 14";"0.00";" -2.91";"hora";"8.805094e-02"
" 0";" 14";"0.00";" -2.91";"gostar";"8.805094e-02"
" 0";" 14";"0.00";" -2.91";"debate";"8.805094e-02"
" 0";" 14";"0.00";" -2.91";"apresentar";"8.805094e-02"
" 0";" 14";"0.00";" -2.91";"área";"8.805094e-02"
" 0";" 14";"0.00";" -2.91";"instituição";"8.805094e-02"
" 0";" 14";"0.00";" -2.91";"trazer";"8.805094e-02"
" 0";" 14";"0.00";" -2.91";"situação";"8.805094e-02"
" 0";" 14";"0.00";" -2.91";"parabenizar";"8.805094e-02"
" 0";" 14";"0.00";" -2.91";"matéria";"8.805094e-02"
" 0";" 14";"0.00";" -2.91";"considerar";"8.805094e-02"
" 0";" 14";"0.00";" -2.91";"existir";"8.805094e-02"
" 0";" 13";"0.00";" -2.70";"senhor";"1.004494e-01"
" 0";" 13";"0.00";" -2.70";"real";"1.004494e-01"
" 0";" 13";"0.00";" -2.70";"saúde";"1.004494e-01"
" 0";" 13";"0.00";" -2.70";"viver";"1.004494e-01"
" 0";" 13";"0.00";" -2.70";"audiência";"1.004494e-01"
" 0";" 13";"0.00";" -2.70";"liberdade";"1.004494e-01"
" 0";" 13";"0.00";" -2.70";"nome";"1.004494e-01"
" 0";" 13";"0.00";" -2.70";"organizado";"1.004494e-01"
" 0";" 13";"0.00";" -2.70";"especial";"1.004494e-01"
" 0";" 13";"0.00";" -2.70";"termo";"1.004494e-01"
" 0";" 13";"0.00";" -2.70";"fato";"1.004494e-01"
" 0";" 13";"0.00";" -2.70";"estadual";"1.004494e-01"
" 0";" 13";"0.00";" -2.70";"criar";"1.004494e-01"
" 0";" 13";"0.00";" -2.70";"apoio";"1.004494e-01"
" 0";" 13";"0.00";" -2.70";"acabar";"1.004494e-01"
" 0";" 12";"0.00";" -2.49";"milícia";"1.147413e-01"
" 0";" 12";"0.00";" -2.49";"autista";"1.147413e-01"
" 0";" 12";"0.00";" -2.49";"lembrar";"1.147413e-01"
" 0";" 12";"0.00";" -2.49";"renda";"1.147413e-01"
" 0";" 12";"0.00";" -2.49";"exemplo";"1.147413e-01"
" 0";" 12";"0.00";" -2.49";"ministério";"1.147413e-01"
" 0";" 12";"0.00";" -2.49";"lutar";"1.147413e-01"
" 0";" 12";"0.00";" -2.49";"legislativo";"1.147413e-01"
" 0";" 12";"0.00";" -2.49";"anunciar";"1.147413e-01"
" 0";" 12";"0.00";" -2.49";"sras";"1.147413e-01"
" 0";" 12";"0.00";" -2.49";"sociedade";"1.147413e-01"
" 0";" 12";"0.00";" -2.49";"investigação";"1.147413e-01"
" 0";" 11";"0.00";" -2.28";"meio";"1.312647e-01"
" 0";" 11";"0.00";" -2.28";"atender";"1.312647e-01"
" 0";" 11";"0.00";" -2.28";"unidade";"1.312647e-01"
" 0";" 11";"0.00";" -2.28";"bandido";"1.312647e-01"
" 0";" 11";"0.00";" -2.28";"gerar";"1.312647e-01"
" 0";" 11";"0.00";" -2.28";"respeitar";"1.312647e-01"
" 0";" 11";"0.00";" -2.28";"resolução";"1.312647e-01"
" 0";" 11";"0.00";" -2.28";"caixa_econômica";"1.312647e-01"
" 0";" 11";"0.00";" -2.28";"trabalhar";"1.312647e-01"
" 0";" 11";"0.00";" -2.28";"morte";"1.312647e-01"
" 0";" 11";"0.00";" -2.28";"judicial";"1.312647e-01"
" 0";" 11";"0.00";" -2.28";"hediondo";"1.312647e-01"
" 0";" 11";"0.00";" -2.28";"deputado_federal";"1.312647e-01"
" 0";" 11";"0.00";" -2.28";"assassinato";"1.312647e-01"
" 0";" 11";"0.00";" -2.28";"agradecer";"1.312647e-01"
" 0";" 11";"0.00";" -2.28";"tomar";"1.312647e-01"
" 0";" 11";"0.00";" -2.28";"necessário";"1.312647e-01"
" 0";" 11";"0.00";" -2.28";"importância";"1.312647e-01"
" 0";" 11";"0.00";" -2.28";"grave";"1.312647e-01"
" 0";" 11";"0.00";" -2.28";"conseguir";"1.312647e-01"
" 0";" 11";"0.00";" -2.28";"certeza";"1.312647e-01"
" 0";" 11";"0.00";" -2.28";"cautelar";"1.312647e-01"
" 0";" 10";"0.00";" -2.07";"moradia";"1.504359e-01"
" 0";" 10";"0.00";" -2.07";"junto";"1.504359e-01"
" 0";" 10";"0.00";" -2.07";"educação";"1.504359e-01"
" 0";" 10";"0.00";" -2.07";"transporte";"1.504359e-01"
" 0";" 10";"0.00";" -2.07";"representante";"1.504359e-01"
" 0";" 10";"0.00";" -2.07";"realizar";"1.504359e-01"
" 0";" 10";"0.00";" -2.07";"polícia_federal";"1.504359e-01"
" 0";" 10";"0.00";" -2.07";"amigo";"1.504359e-01"
" 0";" 10";"0.00";" -2.07";"possibilidade";"1.504359e-01"
" 0";" 10";"0.00";" -2.07";"papel";"1.504359e-01"
" 0";" 10";"0.00";" -2.07";"inafiançável";"1.504359e-01"
" 0";" 10";"0.00";" -2.07";"garantir";"1.504359e-01"
" 0";" 10";"0.00";" -2.07";"feira";"1.504359e-01"
" 0";" 10";"0.00";" -2.07";"cumprir";"1.504359e-01"
" 0";" 10";"0.00";" -2.07";"agricultura";"1.504359e-01"
" 0";" 10";"0.00";" -2.07";"achar";"1.504359e-01"
" 0";" 10";"0.00";" -2.07";"tema";"1.504359e-01"
" 0";" 10";"0.00";" -2.07";"sentido";"1.504359e-01"
" 0";" 10";"0.00";" -2.07";"semana";"1.504359e-01"
" 0";" 10";"0.00";" -2.07";"presidência";"1.504359e-01"
" 0";" 10";"0.00";" -2.07";"popular";"1.504359e-01"
" 0";" 10";"0.00";" -2.07";"perder";"1.504359e-01"
" 0";" 10";"0.00";" -2.07";"inteiro";"1.504359e-01"
" 0";" 10";"0.00";" -2.07";"fundamental";"1.504359e-01"
" 0";" 10";"0.00";" -2.07";"frente";"1.504359e-01"
" 0";" 10";"0.00";" -2.07";"discutir";"1.504359e-01"
" 0";" 10";"0.00";" -2.07";"anderson";"1.504359e-01"
" 0";" 10";"0.00";" -2.07";"acusar";"1.504359e-01"
"*****";"*";"*";"*";"*";"*"
"1";"124";"0.81";"-27.17";"todo";"1.862103e-07"
"0";"113";"0.00";"-26.86";"de";"2.187938e-07"
"2";"120";"1.67";"-23.43";"ser";"1.295320e-06"
"0";"100";"0.00";"-23.33";"em";"1.365038e-06"
"9";"165";"5.45";"-19.52";"fazer";"9.954844e-06"
"2";" 85";"2.35";"-14.40";"poder";"1.477231e-04"
"0";" 60";"0.00";"-13.24";"ter";"2.735996e-04"
"2";" 70";"2.86";"-10.83";"porque";"9.995580e-04"
"1";" 52";"1.92";" -8.93";"povo";"2.812190e-03"
"0";" 39";"0.00";" -8.37";"pessoa";"3.812486e-03"
"0";" 39";"0.00";" -8.37";"sobre";"3.812486e-03"
"0";" 34";"0.00";" -7.25";"bem";"7.088866e-03"
"0";" 28";"0.00";" -5.92";"inclusive";"1.493126e-02"
"0";" 26";"0.00";" -5.49";"muita";"1.915621e-02"
"0";" 24";"0.00";" -5.05";"contra";"2.459632e-02"
"0";" 22";"0.00";" -4.62";"ainda";"3.161591e-02"
"0";" 21";"0.00";" -4.40";"n";"3.586327e-02"
"0";" 20";"0.00";" -4.19";"tudo";"4.069822e-02"
"1";" 30";"3.33";" -4.11";"sim";"4.267839e-02"
"0";" 18";"0.00";" -3.76";"mil";"5.249050e-02"
"0";" 18";"0.00";" -3.76";"sempre";"5.249050e-02"
"0";" 18";"0.00";" -3.76";"parte";"5.249050e-02"
"0";" 18";"0.00";" -3.76";"desde";"5.249050e-02"
"0";" 17";"0.00";" -3.55";"nenhum";"5.966580e-02"
"0";" 17";"0.00";" -3.55";"infelizmente";"5.966580e-02"
"1";" 27";"3.70";" -3.49";"dois";"6.191032e-02"
"0";" 16";"0.00";" -3.33";"bilhão";"6.787087e-02"
"0";" 16";"0.00";" -3.33";"nada";"6.787087e-02"
"0";" 16";"0.00";" -3.33";"qualquer";"6.787087e-02"
"0";" 16";"0.00";" -3.33";"além";"6.787087e-02"
"0";" 16";"0.00";" -3.33";"principalmente";"6.787087e-02"
"0";" 15";"0.00";" -3.12";"segundo";"7.726827e-02"
"1";" 25";"4.00";" -3.08";"haver";"7.942382e-02"
"0";" 14";"0.00";" -2.91";"tipo";"8.805094e-02"
"0";" 14";"0.00";" -2.91";"tarde";"8.805094e-02"
"3";" 41";"7.32";" -2.85";"outro";"9.127461e-02"
"4";" 48";"8.33";" -2.70";"então";"1.005592e-01"
"0";" 13";"0.00";" -2.70";"ele";"1.004494e-01"
"0";" 13";"0.00";" -2.70";"ontem";"1.004494e-01"
"0";" 13";"0.00";" -2.70";"muito";"1.004494e-01"
"0";" 13";"0.00";" -2.70";"algo";"1.004494e-01"
"0";" 13";"0.00";" -2.70";"menos";"1.004494e-01"
"0";" 13";"0.00";" -2.70";"a";"1.004494e-01"
"0";" 12";"0.00";" -2.49";"tão";"1.147413e-01"
"0";" 12";"0.00";" -2.49";"tanto";"1.147413e-01"
"0";" 11";"0.00";" -2.28";"aí";"1.312647e-01"
"0";" 11";"0.00";" -2.28";"aquela";"1.312647e-01"
"0";" 10";"0.00";" -2.07";"ninguém";"1.504359e-01"
"0";" 10";"0.00";" -2.07";"dentro";"1.504359e-01"
"0";" 10";"0.00";" -2.07";"especialmente";"1.504359e-01"
"*";"*";"*";"*";"*";"*"
"0";"144";"0.00";"-35.84";"*partido_PT";"2.141353e-09"
"2";" 89";"2.25";"-15.38";"*partido_PL";"8.774276e-05"
"0";" 57";"0.00";"-12.53";"*partido_UNIÃO";"4.004292e-04"
"0";" 51";"0.00";"-11.12";"*uf_BA";"8.532577e-04"
"1";" 61";"1.64";"-11.00";"*uf_MG";"9.105229e-04"
"2";" 67";"2.99";"-10.14";"*uf_RJ";"1.454363e-03"
"0";" 40";"0.00";" -8.60";"*uf_SC";"3.367277e-03"
"0";" 36";"0.00";" -7.70";"*partido_MDB";"5.531741e-03"
"0";" 32";"0.00";" -6.81";"*partido_PSOL";"9.084699e-03"
"0";" 26";"0.00";" -5.49";"*partido_PSB";"1.915621e-02"
"0";" 24";"0.00";" -5.05";"*deputado_DARCI_DE_MATOS";"2.459632e-02"
"0";" 22";"0.00";" -4.62";"*uf_PR";"3.161591e-02"
"0";" 21";"0.00";" -4.40";"*uf_MT";"3.586327e-02"
"0";" 19";"0.00";" -3.97";"*deputado_CORONEL_ASSIS";"4.620712e-02"
"0";" 19";"0.00";" -3.97";"*uf_RN";"4.620712e-02"
"0";" 16";"0.00";" -3.33";"*uf_ES";"6.787087e-02"
"0";" 16";"0.00";" -3.33";"*uf_MA";"6.787087e-02"
"0";" 15";"0.00";" -3.12";"*partido_PCdoB";"7.726827e-02"
"0";" 15";"0.00";" -3.12";"*deputado_BIBO_NUNES";"7.726827e-02"
"0";" 14";"0.00";" -2.91";"*deputado_ERIKA_HILTON";"8.805094e-02"
"0";" 14";"0.00";" -2.91";"*partido_REPUBLICANOS";"8.805094e-02"
"0";" 13";"0.00";" -2.70";"*deputado_REIMONT";"1.004494e-01"
"0";" 12";"0.00";" -2.49";"*uf_PI";"1.147413e-01"
"0";" 12";"0.00";" -2.49";"*deputado_NATÁLIA_BONAVIDES";"1.147413e-01"
"0";" 11";"0.00";" -2.28";"*uf_PB";"1.312647e-01"
"0";" 11";"0.00";" -2.28";"*deputado_CORONEL_CHRISÓSTOMO";"1.312647e-01"
"0";" 11";"0.00";" -2.28";"*deputado_PADRE_JOÃO";"1.312647e-01"
"0";" 11";"0.00";" -2.28";"*uf_AM";"1.312647e-01"
"0";" 11";"0.00";" -2.28";"*uf_RO";"1.312647e-01"
"0";" 11";"0.00";" -2.28";"*deputado_ALFREDO_GASPAR";"1.312647e-01"
"0";" 10";"0.00";" -2.07";"*uf_CE";"1.504359e-01"
"0";" 10";"0.00";" -2.07";"*deputado_ROGÉRIO_CORREIA";"1.504359e-01"
"0";" 10";"0.00";" -2.07";"*deputado_ERIKA_KOKAY";"1.504359e-01"
"0";" 10";"0.00";" -2.07";"*deputado_RAFAEL_SIMOES";"1.504359e-01"
"0";" 10";"0.00";" -2.07";"*uf_DF";"1.504359e-01"
"0";" 10";"0.00";" -2.07";"*deputado_OTONI_DE_PAULA";"1.504359e-01"
